,,,,,,https://getdriversed.com/,,,,,,,,,,,,,,,,,
,,,,,,,,,,,,,,,,,,,,,,,
,,,,,,,,,,,,,,,,,,,,,,,
,URL,,,,,,,,,,,,,,,,,,,,,,
,URL,,,,,https://getdriversed.com/courses-details/new-york-online-pre-licensing-course/en,,,,,,,,,,,Implementation Date,,,,,,
,,,,,,,,,,,,,,,,,,,,,,,
,,,,,,,,,,,,,,,,,,,,,,,
,Status,,,,,Existing Page,,,,,,,Page Type,,,,Product Page,,,,,,
,,,,,,,,,,,,,,,,,,,,,,,
,,,,,,,,,,,,,,,,,,,,,,,
,,,,,,,,,,,,,,,,,,,,,,,
,,,,,,,,,,,,,,,,,,,,,,,
,,,,,,Organic Analytics Data,,,,,,,,,,,,,,,,,
,,,,,,Sessions,,,Users,,,,,Avg. Engagement Time,,,,,,,,,
,,,,,,,,,,,,,,,,,,,,,,,
,,,,,,0,,,0,,,,,0:00:00,,,,,,,,,
,,,,,,,,,,,,,,,,,,,,,,,
,,,,,,,,,,,,,,,,,,,,,,,
,,,,,,,,,,,,,,,,,,,,,,,
,,,,,,,,,,,,,,,,,,,,,,,
,,,,,,,,,,,,,,,,,,,,,,,
,Keywords,,,,,,,,,,,,,,,,,,,,,,
,Main Target Keyword,,,,,new york 5-hour online pre-licensing course,,,,,Secondary Keywords,,,,,,"5 hour course online new york
5 hour course ny online
pre licensing course nyc online
new york pre licensing course
dmv 5 hour class online new york",,,,,,
,,,,,,,,,,,,,,,,,,,,,,,
,,,,,,,,,,,,,,,,,,,,,,,
,Meta Data,,,,,,,,,,,,,,,,,,,,,,
,Page Title Tag,,,,,Current,,New York Online Pre-Licensing Course – 5 Hour DMV-Approved Class,,,,,,,,,Length,,,64,,,
,,,,,,Recommended,,New York 5-Hour Online Pre-Licensing Course | Get Drivers Ed,,,,,,,,,Length,,,60,,,
,Meta Description,,,,,Current,,"Complete your 5-hour New York Online Pre-Licensing Course 100% online. DMV-approved, fast, and mobile-friendly. Get your certificate instantly after completion!",,,,,,,,,Length,,,160,,,
,,,,,,Recommended,,"Get Drivers Ed offers a New York 5-Hour online pre-licensing course, designed for convenient, self-paced learning to meet DMV requirements. Enroll now!",,,,,,,,,Length,,,151,,,
,,,,,,,,,,,,,,,,,,,,,,,
,,,,,,,,,,,,,,,,,,,,,,,
,Header Structure,,,,,,,,,,,,,,,,,,,,,,
,Headers,,,,,Current,,,,,,,,,Recommended,,,,,,,,
,,,,,,"<H1> New York Online Pre-Licensing Course
   <H2> See What Our Students Are Saying!
   <H2> Bundle & Save: Enhance Your Learning Experience!
   <H2> Recommended Courses to Enhance Your Learning
   <H2> Your Step-By-Step Guide to Getting Licensed
      <H3> Sign Up
      <H3> Get Your Learner's Permit
      <H3> Complete Practice Hours & Road Test Prep
      <H3> Earn Your New York Driver's License
   <H2> Why Should You Opt for This Course?
   <H2> Frequently Asked Questions
      <H3> Who Needs to Take the New York 5-Hour Online Pre-Licensing Course?
      <H3> Can the New York Pre-Licensing Course Be Taken Online?
      <H3> How Long is the New York 5-Hour Online Pre-Licensing Course?
      <H3> What is Covered in the New York 5-Hour Pre-Licensing Course?
      <H3> Is this course valid and approved?",,,,,,,,,"<H1> New York 5-Hour Online Pre-Licensing Course
   <p> See What Our Students Are Saying!
   <p> Bundle & Save: Enhance Your Learning Experience!
   <H2> Recommended Courses to Enhance Your Learning
   <H2> Your Step-By-Step Guide to Getting Licensed
      <H3> Sign Up
      <H3> Get Your Learner's Permit
      <H3> Complete Practice Hours & Road Test Prep
      <H3> Earn Your New York Driver's License
   <H2> Why Should You Opt for This Course?
   <H2> Frequently Asked Questions
      <H3> Who Needs to Take the New York 5-Hour Online Pre-Licensing Course?
      <H3> Can the New York Pre-Licensing Course Be Taken Online?
      <H3> How Long is the New York 5-Hour Online Pre-Licensing Course?
      <H3> What is Covered in the New York 5-Hour Pre-Licensing Course?
      <H3> Is this course valid and approved?",,,,,,,,
,,,,,,,,,,,,,,,,,,,,,,,
,,,,,,,,,,,,,,,,,,,,,,,
,Onsite Ranking Factors,,,,,,,,,,,,,,,,,,,,,,
,Internal Links Pointing to the Page,,,,,Present,,,,,,Internal Links Pointing From the Page,,,,,,Present,,,,,
,,,,,,,,,,,,,,,,,,,,,,,
,,,,,,,,,,,,,,,,,,,,,,,
,Is This Target Page Easily Crawlable By Search Engines?,,,,,Crawlable,,,,,,Is This Target Page Indexed By Google?,,,,,,Indexed,,,,,
,,,,,,,,,,,,,,,,,,,,,,,
,,,,,,,,,,,,,,,,,,,,,,,
,Is The Design Of This Target Page Responsive On Different Devices?,,,,,Responsive,,,,,,,,,,,,,,,,,
,,,,,,,,,,,,,,,,,,,,,,,
,,,,,,,,,,,,,,,,,,,,,,,
,,,,,,,,,,,,,,,,,,,,,,,
,,,,,,,,,,,,,,,,,,,,,,,
,Structured Data,,,,,,,,,,,,,,,,,,,,,,
,Schema Elements Present on the Page,,,,,FAQ,,Organization,,,,,,,,,,,,,,,
,Errors with Current Schema Elements,,,,,0,,0,,,,,,,,,,,,,,,
,Schema Recommendations,,,,,Breadcrumbs Schema,,Remove organization schema,,,,,,,,,,,,,,,
,,,,,,,,,,,,,,,,,,,,,,,
,,,,,,,,,,,,,,,,,,,,,,,
,Images,,,,,,,,,,,,,,,,,,,,,,
,Image URL,,,,,,,Current Alt Text,,,,,Recommended Alt Text,,,,,Image Preview,,Alt Text Implemented?,,,
,https://getdriversed.com/_next/static/media/course-registration.2ffa6e78.png,,,,,,,N/A,,,,,Graphic of person pointing to board representing New York 5-Hour Online Pre-Licensing Course,,,,,Picture,,No,,,
,,,,,,,,,,,,,,,,,,#VALUE!,,No,,,
,,,,,,,,,,,,,,,,,,#VALUE!,,No,,,
,,,,,,,,,,,,,,,,,,#VALUE!,,No,,,
,,,,,,,,,,,,,,,,,,#VALUE!,,No,,,
,,,,,,,,,,,,,,,,,,#VALUE!,,No,,,
,,,,,,,,,,,,,,,,,,#VALUE!,,No,,,
,,,,,,,,,,,,,,,,,,#VALUE!,,No,,,
,,,,,,,,,,,,,,,,,,#VALUE!,,No,,,
,,,,,,,,,,,,,,,,,,#VALUE!,,No,,,
,,,,,,,,,,,,,,,,,,#VALUE!,,No,,,
,,,,,,,,,,,,,,,,,,#VALUE!,,No,,,
,,,,,,,,,,,,,,,,,,#VALUE!,,No,,,
,,,,,,,,,,,,,,,,,,#VALUE!,,No,,,
,,,,,,,,,,,,,,,,,,#VALUE!,,No,,,
,,,,,,,,,,,,,,,,,,,,,,,
